,Submission ID,What is your age?,Gender,Employment Status,"Between Coffee A, Coffee B, and Coffee C which did you prefer?",How many cups of coffee do you typically drink per day?
34,ylqbBg,45-54 years old,Male,Employed full-time,Coffee B,2
64,6dQY8o,25-34 years old,Male,Employed full-time,Coffee A,2
75,bl41kE,25-34 years old,Male,Employed full-time,Coffee A,2
77,xdN8Q9,25-34 years old,Male,Employed full-time,Coffee A,2
86,xdNbJ9,25-34 years old,Male,Employed full-time,Coffee A,1
88,pLPNQJ,35-44 years old,Female,Employed full-time,Coffee A,1
91,ylq8yW,25-34 years old,Male,Employed full-time,Coffee C,3
106,rlrQQo,35-44 years old,Female,Employed full-time,Coffee C,1
116,KMBroK,25-34 years old,Female,Employed full-time,Coffee B,Less than 1
120,9dJYM1,55-64 years old,Male,Employed full-time,Coffee C,4
121,kYR4rj,25-34 years old,Male,Employed full-time,Coffee C,2
133,eBxGvE,25-34 years old,Non-binary,Employed full-time,Coffee A,More than 4
134,g5NPYO,25-34 years old,Male,Employed full-time,Coffee A,3
136,zKQ8ZZ,35-44 years old,Male,Employed full-time,Coffee A,3
139,WAp6PN,25-34 years old,Male,Student,Coffee B,2
140,DVvo9l,25-34 years old,Male,Employed full-time,Coffee B,3
143,EPbo0L,35-44 years old,Male,Employed full-time,Coffee C,More than 4
152,0EjzA9,35-44 years old,Male,Employed part-time,Coffee B,2
153,vNx6YX,25-34 years old,Female,Employed full-time,Coffee B,2
165,5dq0yE,35-44 years old,Male,Employed full-time,Coffee A,3
174,rlrQrv,25-34 years old,Female,Employed full-time,Coffee C,2
175,LdMxpz,25-34 years old,Male,Employed full-time,Coffee B,2
178,XeB72d,18-24 years old,Male,Unemployed,Coffee C,1
182,zKQA18,18-24 years old,Non-binary,Student,Coffee C,Less than 1
183,ZdRAAV,35-44 years old,Male,Employed full-time,Coffee A,3
192,oAVN61,25-34 years old,Male,Employed full-time,Coffee A,2
194,kYR4Nr,18-24 years old,Male,Employed part-time,Coffee B,2
200,PABQdQ,55-64 years old,Female,Employed full-time,Coffee A,4
208,vNxaEA,45-54 years old,Male,Employed full-time,Coffee A,2
213,1r2Yx4,25-34 years old,Male,Employed full-time,Coffee A,3
216,DVvo05,18-24 years old,Male,Employed full-time,Coffee C,2
232,jB98WY,25-34 years old,Female,Employed full-time,Coffee C,2
237,rlr8LX,45-54 years old,Male,Employed full-time,Coffee B,1
256,rlr8vR,25-34 years old,Male,Employed full-time,Coffee A,2
262,rlr8k2,35-44 years old,Male,Employed full-time,Coffee A,1
265,42NlPr,25-34 years old,Male,Employed full-time,Coffee C,3
266,XeB6OP,25-34 years old,Female,Employed full-time,Coffee A,1
270,OABxYM,25-34 years old,Male,Employed full-time,Coffee C,2
284,VZ1Wxg,35-44 years old,Male,Employed full-time,Coffee A,2
285,24x9Oe,25-34 years old,Male,Employed full-time,Coffee C,2
306,AlbM50,25-34 years old,Male,Employed full-time,Coffee B,2
307,QABNap,35-44 years old,Male,Employed full-time,Coffee A,2
311,PABZGB,25-34 years old,Female,Employed part-time,Coffee A,1
312,RzBqjj,25-34 years old,Male,Employed full-time,Coffee A,1
316,AlbMQD,25-34 years old,Female,Unemployed,Coffee C,1
320,QABNE7,25-34 years old,Male,Employed full-time,Coffee B,More than 4
321,6dQ6QN,25-34 years old,Male,Employed full-time,Coffee A,2
331,aBrpkB,25-34 years old,Female,Employed full-time,Coffee B,2
333,NAB2Ol,25-34 years old,Female,Employed full-time,Coffee A,1
344,BGbJ9Q,25-34 years old,Female,Employed full-time,Coffee A,2
346,lNl84k,25-34 years old,Male,Employed full-time,Coffee A,2
349,NAB2El,35-44 years old,Male,Unemployed,Coffee A,2
354,dY2Jgo,25-34 years old,Female,Employed full-time,Coffee A,3
364,EPboJ2,25-34 years old,Male,Employed full-time,Coffee C,1
365,MAdjVA,25-34 years old,Male,Employed full-time,Coffee B,1
374,qbE8k9,35-44 years old,Male,Employed full-time,Coffee A,2
384,6dQ6Vk,25-34 years old,Male,Employed full-time,Coffee B,2
388,7d97MR,18-24 years old,Male,Employed full-time,Coffee A,Less than 1
406,lNl87X,25-34 years old,Female,Employed part-time,Coffee C,1
413,8dpbWO,25-34 years old,Female,Employed full-time,Coffee A,1
423,6dQ6WY,35-44 years old,Non-binary,Employed full-time,Coffee C,2
434,1r2QRl,25-34 years old,Male,Employed full-time,Coffee A,2
439,dY2JzK,35-44 years old,Male,Employed full-time,Coffee A,1
447,vNx8zD,45-54 years old,Male,Employed part-time,Coffee A,1
448,oAV8zP,25-34 years old,Male,Employed full-time,Coffee B,3
464,GrBOE2,25-34 years old,Male,Employed full-time,Coffee B,1
468,rlr8Z5,25-34 years old,Female,Employed full-time,Coffee C,1
476,jB98V6,35-44 years old,Male,Employed full-time,Coffee B,1
482,rlr8ep,>65 years old,Female,Employed full-time,Coffee B,4
483,WApa4L,25-34 years old,Female,Employed full-time,Coffee A,2
485,9dJAbX,25-34 years old,Female,Employed full-time,Coffee A,2
486,zKQ8A1,25-34 years old,Female,Employed full-time,Coffee C,2
509,KMBKYX,18-24 years old,Male,Employed full-time,Coffee A,3
510,NAB21W,25-34 years old,Female,Employed full-time,Coffee B,1
521,qbE1GG,35-44 years old,Male,Employed full-time,Coffee A,1
525,OABxRk,45-54 years old,Male,Employed full-time,Coffee A,2
528,OABxWM,25-34 years old,Female,Employed full-time,Coffee B,2
530,AlbMYB,25-34 years old,Male,Employed full-time,Coffee B,3
537,oAVLGe,25-34 years old,Male,Employed full-time,Coffee A,2
549,rlrMON,25-34 years old,Male,Employed full-time,Coffee A,1
552,VZ1Ojy,25-34 years old,Male,Student,Coffee B,2
564,LdMLPv,25-34 years old,Female,Employed full-time,Coffee A,2
575,g5N6qO,18-24 years old,Female,Employed full-time,Coffee B,Less than 1
582,DVv6kZ,18-24 years old,Male,Employed part-time,Coffee B,1
583,xdN8Ok,25-34 years old,Female,Employed full-time,Coffee A,1
588,J2kEyz,35-44 years old,Male,Employed full-time,Coffee B,3
590,DVv67R,35-44 years old,Male,Employed full-time,Coffee A,4
595,42NlWr,18-24 years old,Female,Student,Coffee B,1
606,6dQE7B,25-34 years old,Male,Employed full-time,Coffee A,2
607,0EjRey,25-34 years old,Female,Employed full-time,Coffee B,2
617,rlrM5R,18-24 years old,Non-binary,Employed full-time,Coffee A,More than 4
623,XeBP0j,25-34 years old,Male,Employed full-time,Coffee C,1
636,9dJjQp,45-54 years old,Male,Employed full-time,Coffee A,4
640,0EjRdB,18-24 years old,Male,Employed full-time,Coffee B,More than 4
651,VZ1O5J,45-54 years old,Female,Employed full-time,Coffee A,3
655,lNlkyB,18-24 years old,Male,Employed full-time,Coffee B,3
657,xdN5ay,35-44 years old,Male,Employed full-time,Coffee B,2
660,MAdpzp,35-44 years old,Male,Employed full-time,Coffee B,2
665,jB9AZJ,18-24 years old,Female,Student,Coffee B,1
669,zKQ5Da,18-24 years old,Male,Employed full-time,Coffee A,1
674,VZ1OEj,35-44 years old,Male,Retired,Coffee A,2
700,YZzldq,18-24 years old,Female,Employed full-time,Coffee C,1
707,AlbeDW,25-34 years old,Non-binary,Employed full-time,Coffee B,1
708,GrBA1o,35-44 years old,Male,Employed full-time,Coffee A,2
710,LdMLG1,25-34 years old,Male,Student,Coffee A,3
711,LdML0G,25-34 years old,Male,Employed full-time,Coffee B,1
719,YZzlV0,18-24 years old,Male,Student,Coffee B,2
726,dY2eYA,25-34 years old,Male,Employed full-time,Coffee C,2
731,9dJjJ4,25-34 years old,Male,Employed full-time,Coffee A,2
743,0EjRoQ,25-34 years old,Male,Employed full-time,Coffee A,3
748,g5N6QK,18-24 years old,Female,Student,Coffee A,1
773,aBrqry,25-34 years old,Non-binary,Employed full-time,Coffee A,2
785,rlrMr5,25-34 years old,Male,Student,Coffee A,1
822,xdN5Rk,25-34 years old,Male,Employed full-time,Coffee A,2
823,24xGvA,25-34 years old,Non-binary,Employed full-time,Coffee A,2
824,AlbeWo,18-24 years old,Male,Employed full-time,Coffee B,2
827,1r2oN4,45-54 years old,Male,Employed full-time,Coffee B,3
834,QABl8l,25-34 years old,Male,Employed full-time,Coffee A,2
842,EPb7BL,25-34 years old,Male,Employed full-time,Coffee C,1
851,24xGOb,25-34 years old,Male,Employed full-time,Coffee C,2
853,bl4Q4E,25-34 years old,Male,Employed full-time,Coffee A,2
861,OABMdk,35-44 years old,Male,Unemployed,Coffee B,2
866,LdMLXG,25-34 years old,Male,Employed full-time,Coffee A,2
869,GrBAqO,25-34 years old,Male,Employed full-time,Coffee B,3
878,jB9ALR,18-24 years old,Female,Student,Coffee A,2
887,QABlxk,25-34 years old,Non-binary,Employed part-time,Coffee B,1
892,WApVPJ,25-34 years old,Male,Employed full-time,Coffee B,2
894,OABMjA,25-34 years old,Male,Employed part-time,Coffee A,2
898,jB9AG9,25-34 years old,Female,Employed full-time,Coffee B,1
921,WApVZe,25-34 years old,Non-binary,Employed full-time,Coffee A,Less than 1
945,RzBylj,45-54 years old,Female,Employed full-time,Coffee B,2
961,7d9rj0,25-34 years old,Female,Employed full-time,Coffee C,1
967,xdN5vk,25-34 years old,Male,Homemaker,Coffee B,2
975,EPb7AB,25-34 years old,Female,Employed full-time,Coffee A,3
986,XeBPyL,25-34 years old,Male,Employed full-time,Coffee B,3
988,1r2ox1,25-34 years old,Female,Employed full-time,Coffee C,Less than 1
1005,ylq5Rx,25-34 years old,Male,Student,Coffee A,2
1019,24xG7M,25-34 years old,Female,Employed full-time,Coffee A,1
1021,6dQE9Y,35-44 years old,Male,Employed full-time,Coffee A,2
1022,eBxWvQ,35-44 years old,Male,Employed full-time,Coffee A,2
1024,24xGy9,35-44 years old,Female,Employed part-time,Coffee A,1
1031,DVv6ZE,25-34 years old,Non-binary,Student,Coffee A,1
1044,EPb7rr,18-24 years old,Female,Student,Coffee A,2
1046,XeBPkY,18-24 years old,Male,Student,Coffee C,3
1051,OABMeg,35-44 years old,Male,Employed full-time,Coffee A,3
1054,LdMLBv,25-34 years old,Female,Employed full-time,Coffee C,2
1065,DVv6Wl,25-34 years old,Male,Employed full-time,Coffee A,2
1074,dY2ezr,25-34 years old,Male,Employed full-time,Coffee B,2
1081,9dJj4E,25-34 years old,Female,Employed full-time,Coffee A,2
1086,24xGYj,25-34 years old,Male,Student,Coffee A,2
1088,WApV6N,25-34 years old,Male,Employed full-time,Coffee B,3
1101,0EjRyj,35-44 years old,Male,Employed full-time,Coffee C,4
1113,jB9AzQ,25-34 years old,Non-binary,Employed full-time,Coffee B,1
1114,MAdp2M,25-34 years old,Female,Student,Coffee C,1
1116,g5N6XO,25-34 years old,Male,Unemployed,Coffee A,2
1123,GrBA4k,25-34 years old,Male,Student,Coffee B,2
1132,WApV7a,35-44 years old,Male,Employed full-time,Coffee C,2
1137,5dqPa6,35-44 years old,Male,Employed full-time,Coffee A,2
1146,LdMLxj,35-44 years old,Male,Employed full-time,Coffee A,4
1154,RzByQ9,25-34 years old,Female,Employed full-time,Coffee A,2
1160,PABJqb,25-34 years old,Male,Employed full-time,Coffee C,2
1167,5dqP06,25-34 years old,Female,Employed part-time,Coffee C,2
1185,LdMLr1,25-34 years old,Non-binary,Employed full-time,Coffee A,1
1195,vNx5RA,35-44 years old,Male,Employed full-time,Coffee C,1
1197,vNx59Q,25-34 years old,Male,Employed full-time,Coffee C,2
1201,PABJxb,25-34 years old,Non-binary,Student,Coffee C,Less than 1
1203,6dQE6P,18-24 years old,Male,Employed part-time,Coffee B,2
1207,rlrM8l,25-34 years old,Female,Employed full-time,Coffee A,1
1214,7d9rkA,25-34 years old,Female,Unemployed,Coffee B,1
1224,YZzl6d,35-44 years old,Male,Employed full-time,Coffee A,3
1229,YZzl2q,25-34 years old,Male,Employed full-time,Coffee A,2
1231,zKQ5Ba,35-44 years old,Female,Employed part-time,Coffee B,Less than 1
1233,VZ1OgE,25-34 years old,Male,Employed part-time,Coffee C,2
1234,9dJjjY,25-34 years old,Male,Employed full-time,Coffee A,2
1241,bl4QRg,25-34 years old,Male,Employed full-time,Coffee A,3
1248,QABllp,35-44 years old,Male,Employed full-time,Coffee A,3
1256,kYRBL6,18-24 years old,Male,Employed full-time,Coffee A,2
1261,vNx58v,25-34 years old,Female,Employed full-time,Coffee A,2
1263,OABMRK,25-34 years old,Female,Employed full-time,Coffee A,2
1273,VZ1O6v,25-34 years old,Male,Student,Coffee A,2
1274,jB9AjR,18-24 years old,Female,Student,Coffee C,2
1275,AlbeM0,35-44 years old,Male,Employed full-time,Coffee A,2
1281,OABM28,45-54 years old,Male,Employed full-time,Coffee C,More than 4
1291,OABMq7,25-34 years old,Male,Employed full-time,Coffee A,2
1295,24xG6V,18-24 years old,Male,Student,Coffee C,1
1300,MAdpZp,55-64 years old,Female,Retired,Coffee A,3
1330,7d9r0P,35-44 years old,Female,Unemployed,Coffee C,2
1331,BGbWRN,25-34 years old,Male,Employed full-time,Coffee B,1
1333,xdN5Wo,35-44 years old,Male,Employed full-time,Coffee A,2
1336,9dJjeG,18-24 years old,Male,Employed full-time,Coffee C,1
1341,42NVZb,45-54 years old,Female,Employed full-time,Coffee B,1
1343,kYRBBM,25-34 years old,Male,Employed full-time,Coffee B,Less than 1
1360,MAdpog,18-24 years old,Male,Student,Coffee B,2
1366,oAVj6M,25-34 years old,Male,Employed full-time,Coffee A,2
1389,VZ16pN,35-44 years old,Male,Employed full-time,Coffee A,2
1395,ZdRBOV,18-24 years old,Female,Student,Coffee A,2
1398,lNlEBX,25-34 years old,Male,Employed full-time,Coffee A,1
1408,42NbKA,18-24 years old,Male,Student,Coffee A,1
1413,eBxW1o,45-54 years old,Male,Employed full-time,Coffee A,2
1417,oAVLrM,18-24 years old,Male,Employed full-time,Coffee A,1
1422,42NbKr,25-34 years old,Male,Employed full-time,Coffee C,2
1428,oAVj2b,35-44 years old,Male,Employed full-time,Coffee A,3
1430,GrBA2z,35-44 years old,Male,Employed full-time,Coffee C,1
1443,YZzlN6,25-34 years old,Female,Homemaker,Coffee B,Less than 1
1446,KMBjeD,25-34 years old,Male,Employed full-time,Coffee A,2
1449,vNx9eg,25-34 years old,Non-binary,Employed full-time,Coffee B,2
1455,jB9Vb1,25-34 years old,Female,Employed part-time,Coffee A,1
1462,6dQB8o,25-34 years old,Female,Employed full-time,Coffee A,2
1473,xdNWMd,25-34 years old,Male,Employed full-time,Coffee A,2
1478,XeBboP,35-44 years old,Male,Employed full-time,Coffee A,3
1488,dY2yar,35-44 years old,Male,Employed full-time,Coffee C,1
1489,PABqj0,35-44 years old,Male,Employed full-time,Coffee B,1
1495,g5NoqP,25-34 years old,Female,Employed full-time,Coffee C,1
1497,jB9VQJ,25-34 years old,Male,Employed full-time,Coffee A,1
1502,KMBjVX,25-34 years old,Male,Employed full-time,Coffee A,1
1512,oAVj65,25-34 years old,Male,Employed full-time,Coffee B,2
1520,xdNWDd,45-54 years old,Male,Employed full-time,Coffee A,2
1524,EPbOxB,25-34 years old,Male,Employed full-time,Coffee A,2
1527,xdNWx9,<18 years old,Male,Unemployed,Coffee C,1
1532,EPbOqA,25-34 years old,Female,Employed full-time,Coffee B,2
1533,42NbXo,35-44 years old,Male,Employed full-time,Coffee C,3
1534,qbElDO,25-34 years old,Male,Employed full-time,Coffee C,1
1540,xdNWa5,25-34 years old,Male,Employed full-time,Coffee A,3
1541,8dplNk,25-34 years old,Male,Employed full-time,Coffee C,4
1546,42NbB5,25-34 years old,Male,Employed full-time,Coffee A,Less than 1
1556,GrBP6O,35-44 years old,Male,Employed full-time,Coffee A,3
1557,NABZoO,35-44 years old,Male,Employed full-time,Coffee A,2
1560,42NbxA,35-44 years old,Female,Employed full-time,Coffee C,3
1562,DVvGBE,25-34 years old,Female,Employed full-time,Coffee B,Less than 1
1571,dY2yNV,25-34 years old,Male,Employed full-time,Coffee C,2
1580,dY2yYK,25-34 years old,Female,Employed full-time,Coffee A,2
1600,GrBPJo,18-24 years old,Female,Student,Coffee A,2
1603,eBxXL0,25-34 years old,Female,Homemaker,Coffee B,1
1613,PABqX5,25-34 years old,Male,Student,Coffee B,1
1618,MAdxOM,25-34 years old,Female,Employed full-time,Coffee A,1
1620,ZdRBP0,25-34 years old,Male,Employed full-time,Coffee B,2
1631,ZdRBRy,18-24 years old,Male,Employed full-time,Coffee A,More than 4
1635,ZdRBZa,25-34 years old,Female,Employed full-time,Coffee A,1
1636,OABNzg,35-44 years old,Male,Employed full-time,Coffee A,3
1666,42NbpB,25-34 years old,Male,Employed full-time,Coffee C,1
1669,PABq2b,35-44 years old,Male,Employed full-time,Coffee B,2
1673,WAp7Pj,35-44 years old,Female,Employed full-time,Coffee A,1
1676,24x6JL,35-44 years old,Male,Employed full-time,Coffee C,2
1682,XeBbB4,25-34 years old,Male,Employed full-time,Coffee A,3
1688,9dJKWV,35-44 years old,Male,Employed full-time,Coffee A,3
1692,lNlEyv,25-34 years old,Male,Employed part-time,Coffee A,2
1693,g5Nok1,18-24 years old,Female,Unemployed,Coffee C,2
1697,DVvGYX,18-24 years old,Male,Employed full-time,Coffee A,2
1705,NABZyp,18-24 years old,Male,Employed full-time,Coffee A,2
1707,VZ16y6,25-34 years old,Male,Employed full-time,Coffee B,2
1708,pLP24V,25-34 years old,Female,Employed part-time,Coffee B,1
1718,g5NogM,45-54 years old,Male,Employed full-time,Coffee A,3
1719,VZ16MJ,25-34 years old,Male,Employed full-time,Coffee A,2
1724,NABZv0,25-34 years old,Male,Employed full-time,Coffee B,3
1731,AlbX8D,35-44 years old,Female,Unemployed,Coffee A,2
1736,qbElBG,18-24 years old,Female,Employed part-time,Coffee C,1
1744,jB9VrQ,35-44 years old,Male,Employed full-time,Coffee C,Less than 1
1751,24x6Rb,25-34 years old,Male,Employed full-time,Coffee C,1
1753,ylqar8,25-34 years old,Female,Employed full-time,Coffee C,2
1759,xdNWv9,35-44 years old,Male,Student,Coffee A,4
1760,5dqApP,25-34 years old,Male,Unemployed,Coffee A,2
1764,5dqAko,35-44 years old,Male,Employed full-time,Coffee C,3
1789,dY2yKz,25-34 years old,Male,Student,Coffee A,2
1790,MAdxdX,25-34 years old,Female,Student,Coffee B,1
1796,OABNdK,35-44 years old,Male,Employed full-time,Coffee A,2
1808,YZzAAJ,25-34 years old,Female,Student,Coffee B,4
1816,xdNW7d,25-34 years old,Male,Employed full-time,Coffee B,1
1828,VZ16Wy,25-34 years old,Female,Homemaker,Coffee C,Less than 1
1842,QABQ6p,18-24 years old,Male,Employed part-time,Coffee A,2
1843,XeBbbY,25-34 years old,Female,Employed full-time,Coffee C,3
1844,KMBjKV,35-44 years old,Male,Employed full-time,Coffee B,3
1854,qbElrG,55-64 years old,Male,Employed full-time,Coffee A,4
1861,1r2ajQ,25-34 years old,Male,Employed full-time,Coffee A,2
1862,5dq7bP,35-44 years old,Male,Employed full-time,Coffee B,2
1864,BGbRPN,18-24 years old,Female,Student,Coffee A,1
1869,EPbRzo,25-34 years old,Male,Employed full-time,Coffee A,2
1873,eBxXOl,35-44 years old,Male,Employed full-time,Coffee C,1
1879,YZzA85,35-44 years old,Male,Employed part-time,Coffee A,2
1892,ylqQJ6,55-64 years old,Male,Retired,Coffee A,1
1898,0Ej9d0,35-44 years old,Female,Employed full-time,Coffee B,1
1920,PABqMQ,45-54 years old,Male,Employed full-time,Coffee B,3
1923,g5Nl5P,25-34 years old,Female,Unemployed,Coffee A,2
1935,OAB2b7,25-34 years old,Male,Unemployed,Coffee A,2
1943,LdMr0l,35-44 years old,Female,Employed full-time,Coffee B,2
1947,42N6jr,55-64 years old,Male,Employed full-time,Coffee B,3
1956,LdMrWJ,35-44 years old,Male,Employed full-time,Coffee A,2
1958,KMBEyk,25-34 years old,Female,Employed full-time,Coffee A,3
1962,VZ162J,45-54 years old,Female,Homemaker,Coffee A,2
1964,6dQl1k,25-34 years old,Male,Employed full-time,Coffee C,1
1975,GrBGy2,25-34 years old,Female,Employed full-time,Coffee C,3
1984,5dq7GE,25-34 years old,Male,Employed full-time,Coffee A,2
1988,AlbgaB,25-34 years old,Male,Employed full-time,Coffee A,2
2002,WApW6L,35-44 years old,Female,Employed full-time,Coffee A,2
2030,jB9RO4,25-34 years old,Male,Employed full-time,Coffee B,1
2040,BGbyPK,55-64 years old,Male,Employed full-time,Coffee A,2
2054,AlbEzk,18-24 years old,Male,Student,Coffee C,1
2059,rlrejl,35-44 years old,Male,Employed full-time,Coffee B,1
2068,BGbrD1,25-34 years old,Female,Employed full-time,Coffee C,1
2070,oAVqB5,25-34 years old,Male,Employed full-time,Coffee A,2
2071,ylqB9p,45-54 years old,Female,Employed full-time,Coffee C,1
2074,rlredX,25-34 years old,Female,Employed full-time,Coffee B,2
2077,EPb2do,25-34 years old,Male,Student,Coffee A,1
2078,24xW0D,45-54 years old,Male,Employed full-time,Coffee C,2
2090,pLPQ48,25-34 years old,Prefer not to say,Employed full-time,Coffee B,2
2093,6dQgAY,25-34 years old,Male,Unemployed,Coffee A,4
2099,0EjKGN,25-34 years old,Male,Employed full-time,Coffee A,1
2115,5dqJoM,25-34 years old,Female,Homemaker,Coffee C,3
2125,7d9yy6,45-54 years old,Female,Employed full-time,Coffee A,3
2126,ylqB1g,35-44 years old,Male,Employed full-time,Coffee B,1
2133,5dqJYM,35-44 years old,Male,Employed full-time,Coffee A,3
2135,zKQV7a,35-44 years old,Female,Employed full-time,Coffee A,2
2141,MAdWMA,25-34 years old,Male,Employed full-time,Coffee A,More than 4
2148,BGbvpQ,35-44 years old,Male,Employed full-time,Coffee C,3
2153,DVvLzq,25-34 years old,Male,Employed full-time,Coffee B,3
2161,24x2LA,25-34 years old,Male,Employed full-time,Coffee B,2
2196,EPbp2o,45-54 years old,Female,Employed full-time,Coffee A,1
2207,zKQVV8,35-44 years old,Male,Employed full-time,Coffee B,2
2215,9dJVXE,<18 years old,Male,Student,Coffee A,2
2231,g5N2AO,>65 years old,Female,Employed part-time,Coffee C,1
2236,XeBX9e,>65 years old,Female,Employed part-time,Coffee B,2
2237,oAVWQN,35-44 years old,Male,Employed full-time,Coffee B,More than 4
2238,6dQoVo,25-34 years old,Male,Employed full-time,Coffee A,2
2245,24xpWb,18-24 years old,Male,Employed full-time,Coffee B,1
2247,OAB6ER,35-44 years old,Male,Employed part-time,Coffee C,1
2257,1r28gg,25-34 years old,Male,Employed full-time,Coffee A,4
2274,EPbyLB,25-34 years old,Male,Employed full-time,Coffee A,2
2293,xdNO19,25-34 years old,Female,Employed full-time,Coffee A,Less than 1
2299,xdNOWd,25-34 years old,Male,Student,Coffee A,1
2306,QABP67,45-54 years old,Male,Employed full-time,Coffee B,2
2307,6dQaoJ,25-34 years old,Prefer not to say,Employed full-time,Coffee B,2
2308,PABVZx,18-24 years old,Male,Employed full-time,Coffee C,2
2324,NABe7W,35-44 years old,Female,Employed full-time,Coffee B,2
2326,MAd98k,25-34 years old,Male,Employed full-time,Coffee A,2
2352,24xM5V,25-34 years old,Male,Student,Coffee A,2
2363,XeBKZP,35-44 years old,Female,Employed full-time,Coffee C,2
2371,DVvrvp,25-34 years old,Female,Employed part-time,Coffee A,2
2379,WApGZk,18-24 years old,Male,Student,Coffee B,2
2380,7d9BgZ,35-44 years old,Male,Employed full-time,Coffee C,4
2381,PABaYx,35-44 years old,Male,Employed full-time,Coffee A,3
2382,GrBNyk,35-44 years old,Male,Employed full-time,Coffee B,2
2384,24xqzL,45-54 years old,Male,Employed full-time,Coffee A,More than 4
2408,qbYZR9,35-44 years old,Male,Employed full-time,Coffee A,1
2416,VZ9EVv,25-34 years old,Female,Employed part-time,Coffee C,1
2441,BGL4r5,35-44 years old,Female,Student,Coffee C,1
2442,KMPQ9A,25-34 years old,Male,Employed full-time,Coffee A,3
2452,BGLzXe,55-64 years old,Male,Employed part-time,Coffee C,3
2466,aBjQgW,25-34 years old,Male,Employed full-time,Coffee A,2
2471,NA4p5W,25-34 years old,Male,Employed full-time,Coffee B,1
2489,yl0XYW,35-44 years old,Male,Employed full-time,Coffee C,1
2520,0EbV9P,55-64 years old,Male,Employed full-time,Coffee C,2
2523,bl2ZB1,45-54 years old,Female,Retired,Coffee B,3
2527,aBj94v,25-34 years old,Male,Employed part-time,Coffee C,2
2544,dYZEVo,<18 years old,Female,Employed part-time,Coffee C,Less than 1
2571,6d1epo,35-44 years old,Male,Employed full-time,Coffee C,2
2578,24bXyj,25-34 years old,Male,Employed full-time,Coffee C,1
2582,kY09M6,35-44 years old,Male,Employed full-time,Coffee B,3
2583,XeRJxV,35-44 years old,Male,Employed full-time,Coffee A,3
2599,DVXkPX,25-34 years old,Male,Employed full-time,Coffee B,4
2611,bl2j0g,18-24 years old,Female,Unemployed,Coffee B,Less than 1
2612,PA29Rb,<18 years old,Female,Student,Coffee A,Less than 1
2617,MAra58,25-34 years old,Female,Employed part-time,Coffee B,2
2618,jB0ovx,25-34 years old,Female,Employed full-time,Coffee C,3
2620,PA29Pb,25-34 years old,Male,Employed full-time,Coffee C,1
2630,24bAoL,25-34 years old,Female,Employed full-time,Coffee C,1
2634,5dl90b,25-34 years old,Male,Employed full-time,Coffee A,2
2635,OAjXOY,18-24 years old,Male,Student,Coffee A,2
2643,8dJZN5,55-64 years old,Female,Employed full-time,Coffee C,More than 4
2645,EPBxxN,25-34 years old,Male,Student,Coffee A,2
2646,6d1Zx5,45-54 years old,Female,Employed full-time,Coffee C,2
2663,LdEPgv,35-44 years old,Female,Employed full-time,Coffee A,Less than 1
2675,421x2Y,35-44 years old,Male,Employed full-time,Coffee A,1
2679,Al6Lvy,35-44 years old,Male,Employed full-time,Coffee B,1
2680,aBjYvE,35-44 years old,Male,Employed full-time,Coffee C,2
2693,KMP6W8,35-44 years old,Male,Employed full-time,Coffee A,1
2697,KMPl5D,55-64 years old,Male,Employed full-time,Coffee A,2
2710,zK0qR8,55-64 years old,Female,Homemaker,Coffee B,2
2724,24brbV,25-34 years old,Male,Employed full-time,Coffee A,3
2726,yl0D7W,25-34 years old,Female,Employed full-time,Coffee C,1
2727,xd0Z4G,18-24 years old,Male,Employed full-time,Coffee A,2
2729,PA2E9V,25-34 years old,Non-binary,Employed full-time,Coffee A,1
2730,lN0LKk,18-24 years old,Male,Unemployed,Coffee A,2
2739,rl0dJp,25-34 years old,Female,Employed full-time,Coffee A,2
2742,QAxB11,25-34 years old,Male,Employed full-time,Coffee C,4
2745,8dJJGz,35-44 years old,Female,Employed full-time,Coffee B,2
2746,zK00O8,35-44 years old,Male,Employed full-time,Coffee A,2
2769,OAj9JK,25-34 years old,Male,Employed full-time,Coffee A,1
2770,VZ9APy,35-44 years old,Male,Employed full-time,Coffee A,3
2778,EPBrrA,35-44 years old,Female,Employed full-time,Coffee B,1
2789,xd07Jo,35-44 years old,Non-binary,Employed part-time,Coffee C,3
2791,XeRdOY,35-44 years old,Female,Employed full-time,Coffee B,2
2805,bl2RdL,18-24 years old,Male,Employed full-time,Coffee B,1
2811,Al6YG0,25-34 years old,Male,Employed full-time,Coffee B,1
2815,421Yyk,25-34 years old,Female,Employed full-time,Coffee A,1
2827,WAeaYN,25-34 years old,Male,Employed full-time,Coffee A,2
2828,421lqd,25-34 years old,Male,Employed full-time,Coffee A,3
2833,VZ9WWj,25-34 years old,Male,Employed full-time,Coffee C,2
2844,5dlP0b,25-34 years old,Male,Employed full-time,Coffee A,3
2854,zK06rZ,25-34 years old,Male,Employed full-time,Coffee A,2
2855,qbYlJg,35-44 years old,Female,Unemployed,Coffee B,1
2858,WAe71v,25-34 years old,Male,Employed full-time,Coffee C,1
2863,LdE2B1,35-44 years old,Male,Employed full-time,Coffee B,More than 4
2864,GroPMQ,25-34 years old,Male,Employed full-time,Coffee B,2
2872,QAxZKY,55-64 years old,Female,Retired,Coffee B,2
2877,kY0o0j,25-34 years old,Male,Employed full-time,Coffee A,1
2889,J2VQK7,25-34 years old,Male,Employed full-time,Coffee C,2
2921,9d6k64,25-34 years old,Male,Employed full-time,Coffee A,3
2924,24bDag,35-44 years old,Male,Employed part-time,Coffee A,1
2925,aBjRaE,25-34 years old,Male,Employed full-time,Coffee C,1
2931,5dlJgQ,18-24 years old,Male,Employed full-time,Coffee A,2
2934,6d1gzN,25-34 years old,Female,Employed full-time,Coffee C,1
2935,KMP9bA,35-44 years old,Male,Employed full-time,Coffee B,2
2939,BGLrPN,35-44 years old,Female,Employed full-time,Coffee A,2
2953,OAjR0a,25-34 years old,Female,Employed full-time,Coffee A,2
2963,BGLvAQ,25-34 years old,Male,Employed full-time,Coffee B,2
2968,24b2lj,25-34 years old,Female,Employed part-time,Coffee C,1
2970,8dJ9RO,25-34 years old,Male,Employed full-time,Coffee A,2
2978,24b2Vp,25-34 years old,Male,Employed full-time,Coffee A,2
3002,7dJQOz,25-34 years old,Male,Employed full-time,Coffee A,2
3017,OAjv1R,25-34 years old,Male,Employed full-time,Coffee B,2
3024,5dlRvv,35-44 years old,Male,Employed full-time,Coffee C,2
3025,5dlRb6,25-34 years old,Male,Employed full-time,Coffee A,3
3032,rl07dX,25-34 years old,Female,Student,Coffee B,1
3040,PA2K5d,35-44 years old,Female,Employed full-time,Coffee B,1
3041,LdElkp,45-54 years old,Male,Employed full-time,Coffee B,3
3044,VZ9gJa,25-34 years old,Male,Employed full-time,Coffee A,2
3052,pL0apZ,35-44 years old,Male,Employed full-time,Coffee C,1
3053,rl077p,<18 years old,Male,Student,Coffee B,Less than 1
3058,KMPbbz,25-34 years old,Male,Employed full-time,Coffee C,2
3063,eBNkMk,18-24 years old,Male,Employed full-time,Coffee B,Less than 1
3067,24bQXD,25-34 years old,Non-binary,Employed full-time,Coffee A,1
3069,7dJ62P,45-54 years old,Female,Employed full-time,Coffee B,2
3076,J2V52d,<18 years old,Female,Student,Coffee A,1
3077,XeRXyj,25-34 years old,Male,Employed full-time,Coffee B,2
3109,PA2VKd,25-34 years old,Male,Employed full-time,Coffee A,1
3112,6d1XRP,25-34 years old,Male,Employed full-time,Coffee A,2
3120,VZ92pM,25-34 years old,Male,Employed full-time,Coffee A,3
3140,24bMBM,55-64 years old,Male,Employed full-time,Coffee B,3
3149,EPB2aL,25-34 years old,Male,Employed full-time,Coffee A,2
3173,ZdG4ya,25-34 years old,Female,Employed part-time,Coffee B,1
3190,WAeGGN,35-44 years old,Male,Employed full-time,Coffee A,1
3198,VZoEby,25-34 years old,Male,Employed full-time,Coffee A,3
3206,kYOaKo,25-34 years old,Female,Employed full-time,Coffee C,2
3208,1rGP7O,18-24 years old,Male,Unemployed,Coffee A,Less than 1
3209,OA81vM,35-44 years old,Male,Employed full-time,Coffee B,2
3213,PA8jVx,35-44 years old,Female,Employed part-time,Coffee C,Less than 1
3217,42PXe5,25-34 years old,Male,Employed full-time,Coffee A,2
3218,8djo9k,35-44 years old,Female,Employed full-time,Coffee C,1
3222,OA8Dag,25-34 years old,Female,Employed full-time,Coffee B,Less than 1
3236,PA8dEQ,25-34 years old,Male,Employed full-time,Coffee C,2
3248,8dj1jk,35-44 years old,Male,Employed full-time,Coffee A,2
3253,PA8jy5,35-44 years old,Female,Employed part-time,Coffee C,2
3255,AlW7kW,25-34 years old,Non-binary,Employed full-time,Coffee A,3
3265,NA8q7O,25-34 years old,Female,Employed full-time,Coffee A,1
3268,aBZNLW,35-44 years old,Female,Employed full-time,Coffee B,2
3269,jBGe9E,25-34 years old,Male,Employed full-time,Coffee A,2
3270,rl2y5l,25-34 years old,Female,Employed full-time,Coffee B,Less than 1
3281,AlWPgo,35-44 years old,Female,Employed full-time,Coffee B,2
3288,8djNDz,25-34 years old,Female,Employed full-time,Coffee B,1
3293,blN5jL,18-24 years old,Male,Employed full-time,Coffee B,2
3295,xd9x8J,25-34 years old,Male,Employed full-time,Coffee B,2
3301,0EoV9y,35-44 years old,Female,Employed full-time,Coffee B,Less than 1
3303,DV0q8R,25-34 years old,Non-binary,Employed full-time,Coffee B,1
3313,aBZOMB,35-44 years old,Female,Employed full-time,Coffee B,1
3316,rl2Djp,35-44 years old,Male,Employed full-time,Coffee C,More than 4
3321,OA8aLg,25-34 years old,Female,Employed full-time,Coffee B,2
3326,yleXOB,25-34 years old,Male,Employed part-time,Coffee B,2
3342,zKWNxa,18-24 years old,Male,Employed full-time,Coffee A,3
3345,VZojZl,18-24 years old,Female,Student,Coffee A,2
3355,5dE4eE,18-24 years old,Male,Employed part-time,Coffee B,2
3358,jBGaVR,25-34 years old,Female,Student,Coffee C,2
3364,DV0Kbq,35-44 years old,Male,Employed full-time,Coffee A,3
3383,WAlEEN,45-54 years old,Male,Employed full-time,Coffee C,2
3391,7d4L12,25-34 years old,Non-binary,Employed full-time,Coffee B,1
3396,AlW2vk,55-64 years old,Male,Employed full-time,Coffee C,2
3405,EP8d7o,18-24 years old,Other (please specify),Student,Coffee A,1
3409,pL4y8E,45-54 years old,Male,Employed full-time,Coffee B,2
3410,24OABe,35-44 years old,Female,Employed full-time,Coffee C,1
3428,6drK0J,25-34 years old,Male,Employed full-time,Coffee C,1
3432,g5Wqll,25-34 years old,Male,Employed full-time,Coffee C,2
3433,8djL45,25-34 years old,Male,Employed full-time,Coffee C,1
3435,rl2oD5,18-24 years old,Female,Employed full-time,Coffee C,1
3437,oAl26X,25-34 years old,Female,Employed full-time,Coffee C,Less than 1
3447,OA8787,35-44 years old,Female,Employed full-time,Coffee A,2
3448,24OKL9,25-34 years old,Prefer not to say,Employed full-time,Coffee A,2
3450,VZozlM,25-34 years old,Female,Employed full-time,Coffee B,1
3452,kYONrJ,25-34 years old,Male,Employed full-time,Coffee B,2
3458,jBGl1a,35-44 years old,Male,Employed full-time,Coffee A,2
3482,42PxP5,25-34 years old,Male,Employed full-time,Coffee A,2
3515,7d4WYR,35-44 years old,Female,Homemaker,Coffee C,1
3517,OA8zZg,35-44 years old,Female,Employed full-time,Coffee C,3
3528,ylelvg,35-44 years old,Male,Employed full-time,Coffee A,3
3533,ylelyX,18-24 years old,Male,Employed full-time,Coffee C,1
3534,42P20r,25-34 years old,Male,Student,Coffee C,3
3538,24OkKb,25-34 years old,Male,Employed full-time,Coffee A,2
3548,8djkWx,25-34 years old,Male,Employed full-time,Coffee C,1
3550,Ld5GRl,25-34 years old,Female,Homemaker,Coffee B,2
3560,J280BR,25-34 years old,Male,Employed full-time,Coffee C,2
3568,KM80XK,35-44 years old,Male,Employed full-time,Coffee A,1
3570,oAlOxx,25-34 years old,Female,Student,Coffee A,More than 4
3574,0EoLb0,35-44 years old,Male,Employed full-time,Coffee C,3
3577,zKWJ7k,35-44 years old,Male,Employed full-time,Coffee C,2
3581,5dEvMP,25-34 years old,Male,Employed full-time,Coffee A,2
3583,dYQjpN,35-44 years old,Male,Employed full-time,Coffee B,4
3588,eB92Gx,18-24 years old,Male,Employed full-time,Coffee B,2
3590,oAldrV,55-64 years old,Female,Employed full-time,Coffee C,2
3591,NA8Yvp,25-34 years old,Male,Employed full-time,Coffee C,1
3597,42PoWY,25-34 years old,Female,Employed full-time,Coffee C,1
3609,kYORko,25-34 years old,Male,Employed full-time,Coffee A,2
3610,VZo1BJ,35-44 years old,Female,Employed full-time,Coffee B,2
3611,J28kGo,18-24 years old,Male,Student,Coffee A,1
3626,GrYoqQ,25-34 years old,Female,Employed part-time,Coffee B,3
3628,1rGbOg,25-34 years old,Male,Employed full-time,Coffee A,1
3632,PA82QV,25-34 years old,Female,Employed full-time,Coffee B,1
3634,J288qz,25-34 years old,Male,Employed full-time,Coffee A,1
3648,42PAoA,25-34 years old,Female,Employed full-time,Coffee A,1
3652,5dEeb6,25-34 years old,Male,Employed full-time,Coffee A,2
3653,aBZK8b,25-34 years old,Female,Employed full-time,Coffee B,1
3658,BG8jLe,25-34 years old,Male,Employed full-time,Coffee A,1
3670,YZVkOB,25-34 years old,Male,Employed full-time,Coffee C,2
3674,0EoaXN,35-44 years old,Male,Employed full-time,Coffee B,2
3682,jBGgEQ,25-34 years old,Male,Employed full-time,Coffee B,1
3683,7d4jzR,18-24 years old,Male,Employed part-time,Coffee C,2
3685,0EolEy,25-34 years old,Male,Employed full-time,Coffee A,2
3698,MA82rp,25-34 years old,Male,Employed full-time,Coffee C,2
3703,7d1qYZ,25-34 years old,Male,Employed full-time,Coffee A,2
3712,dYKdod,45-54 years old,Male,Employed full-time,Coffee B,2
3713,7d1xrR,25-34 years old,Male,Employed full-time,Coffee A,2
3723,KMv6KK,25-34 years old,Male,Student,Coffee B,3
3726,lNKWjB,25-34 years old,Male,Employed full-time,Coffee A,2
3729,0E1vgN,45-54 years old,Male,Employed full-time,Coffee C,2
3730,OAdJzR,25-34 years old,Female,Employed full-time,Coffee B,1
3740,OAdBMa,35-44 years old,Male,Employed full-time,Coffee C,2
3755,qboJdg,25-34 years old,Male,Employed full-time,Coffee A,2
3757,pLRJ9y,35-44 years old,Male,Employed full-time,Coffee C,2
3759,EPvZjN,25-34 years old,Male,Employed part-time,Coffee A,3
3763,g5YkOd,18-24 years old,Male,Employed full-time,Coffee B,3
3764,ZdvD8z,35-44 years old,Male,Employed full-time,Coffee A,2
3770,Xe1QPj,35-44 years old,Male,Employed full-time,Coffee C,4
3777,VZvdYN,25-34 years old,Male,Employed full-time,Coffee A,1
3781,pLR1jb,25-34 years old,Male,Employed full-time,Coffee C,1
3782,g5YxdK,25-34 years old,Male,Employed full-time,Coffee C,2
3797,blKRbo,35-44 years old,Male,Employed full-time,Coffee A,4
3811,RzvqeQ,18-24 years old,Male,Student,Coffee C,1
3815,kYK2lj,25-34 years old,Non-binary,Employed part-time,Coffee B,1
3816,RzvADQ,35-44 years old,Male,Employed full-time,Coffee A,2
3825,jB5Ne4,25-34 years old,Male,Employed full-time,Coffee A,2
3849,oA5EQ1,25-34 years old,Male,Employed full-time,Coffee C,1
3851,Zd1Eao,25-34 years old,Female,Employed full-time,Coffee A,1
3862,vNJP54,35-44 years old,Male,Employed full-time,Coffee C,2
3864,oA5GOM,35-44 years old,Female,Employed full-time,Coffee A,1
3867,24lNeL,35-44 years old,Male,Employed full-time,Coffee B,1
3886,rlJGpv,25-34 years old,Male,Employed part-time,Coffee C,1
3895,eB0ezx,25-34 years old,Female,Employed full-time,Coffee C,2
3901,J2WRlr,35-44 years old,Male,Student,Coffee C,More than 4
3906,RzVLkd,25-34 years old,Female,Employed full-time,Coffee A,2
3907,Xe2EGV,35-44 years old,Female,Employed full-time,Coffee A,2
3908,42pjyB,25-34 years old,Male,Employed full-time,Coffee C,4
3918,8dRAxz,25-34 years old,Female,Student,Coffee B,1
3937,blYxP2,35-44 years old,Male,Employed full-time,Coffee A,2
3940,dYkydo,25-34 years old,Female,Employed full-time,Coffee C,1
3952,7dMLqa,35-44 years old,Female,Employed full-time,Coffee A,1
3964,BG0OK1,25-34 years old,Male,Employed full-time,Coffee A,2
3972,Grb9O2,18-24 years old,Female,Student,Coffee B,1
3974,OAE5V7,25-34 years old,Male,Employed full-time,Coffee C,1
3987,DVaWjl,45-54 years old,Female,Employed full-time,Coffee C,2
3993,Zdegkz,25-34 years old,Non-binary,Employed part-time,Coffee B,2
3999,QA4GOY,25-34 years old,Male,Student,Coffee A,1
4001,rlYNrp,25-34 years old,Male,Employed full-time,Coffee C,Less than 1
4010,QAEpMA,35-44 years old,Male,Employed full-time,Coffee B,More than 4
4020,J2BN4o,25-34 years old,Male,Employed full-time,Coffee A,1
4025,Xe90az,25-34 years old,Male,Employed full-time,Coffee A,More than 4
4039,g5ggRM,18-24 years old,Male,Employed full-time,Coffee B,1
